timestamp,title,publisher,link,sentiment_score,confidence,black_swan_risk,black_swan_notes,market_impact,risk_assessment,reasoning
2025-09-05T10:33:00+00:00,Derived: DOWN move 23.6 bps,DerivedFromPrice,,-0.7,0.85,0.25,"While a significant downward move for a single company doesn't usually trigger a black swan event, the risk isn't zero. If AMD has a large market share or if this event coincides with other negative market trends, it could contribute to a larger market downturn.","Given the company-specific nature of the event, the immediate impact will be on AMD's stock price, which is expected to decrease. However, if AMD is a significant player in its sector, other companies in the sector may also experience negative effects due to investor sentiment.","The primary risk lies in the potential continuation of the downward trend, which could result in further losses. There is also a risk of the market overreacting to the news, leading to volatility in the short term.","The news event indicates a significant downward movement (23.6 bps) for AMD. This negative trend, especially if it's a spike rather than a gradual move, suggests bearish sentiment for the stock."
2025-09-05T10:49:00+00:00,Derived: DOWN move 23.6 bps,DerivedFromPrice,,-0.7,0.8,0.2,"While the news is negative, it's not indicative of a 'black swan' event - a rare, unexpected event with severe consequences. The risk remains low unless there are underlying issues not mentioned in the news that could escalate the situation.","The news will likely have a negative impact on AMD's stock price in the short term. However, as the event is company-specific, the broader market or sector is unlikely to be significantly affected.","The main risk is to investors holding AMD stocks, who might face losses due to the downward price movement. It's also important to consider potential reasons for the price drop, such as operational issues or financial performance, which could pose further risks if not addressed.","The news headline indicates a significant downward move of 23.6 basis points, which is typically considered negative for the affected symbol, in this case, AMD. The event seems to be company-specific, suggesting that the impact may not extend beyond AMD to the broader market or sector. The source, MarketNews, is known for its credible market updates, which adds confidence to the analysis."
2025-09-05T11:49:00+00:00,Derived: DOWN move 24.9 bps,DerivedFromPrice,,-0.8,0.9,0.2,"While the event is negative, it may not qualify as a rare or extreme event ('Black Swan') given the inherent volatility of the stock market. A 24.9 bps move, while significant, is within normal market fluctuations. However, there's a small chance that this could trigger a larger sell-off if interpreted as a signal of broader issues within AMD or the tech sector.","Given that the event is company-specific, the immediate impact will likely be on AMD's stock, potentially driving its price down. This could also negatively affect the tech sector, especially if AMD is a significant player within that sector.","The main risk is a fall in AMD's stock price following the event. It could also lead to increased market volatility for the stock. However, the exact scope of the impact is uncertain due to possible market reactions and other external factors.","The news states a significant down move of 24.9 bps for AMD, which is a negative event for the company's stock. This movement is based on OHLCV return spike, implying a strong change in the stock's trading pattern. Thus, this event is likely to negatively impact the sentiment around the stock."
2025-09-05T12:12:00+00:00,Derived: DOWN move 22.0 bps,DerivedFromPrice,,-0.8,0.9,0.2,"While the news event is significant, it does not suggest an extreme risk event. However, if the downward move is due to an undisclosed serious issue within the company or the tech sector, it could lead to a black swan event.","The market impact is likely to be negative, specifically for AMD, causing its stock price to decrease. The impact might not be confined to AMD alone and could potentially influence the tech sector stocks due to sectoral sentiment spillover.","The main risk is the continued selling pressure that can lead to further depreciation in AMD's stock price. This event might also indicate underlying issues with the company or the sector, which could make the stock more volatile.","The news event indicates a significant downward move in AMD's OHLCV return spike, which suggests a negative sentiment towards the stock. This can usually be interpreted as a strong sell signal, potentially leading to further downward pressure on the stock."
2025-09-05T12:18:00+00:00,Derived: DOWN move 47.3 bps,DerivedFromPrice,,-0.73,0.85,0.2,"While the event is significant, it's not likely to be a black swan event given that it's a company-specific issue and not an industry-wide or market-wide shock. However, if AMD is a large player in the technology sector, it might have broader impacts.","Expect a negative impact on AMD's stock. This could also affect the technology sector overall, especially if AMD is a significant player within that sector.","The risk is high for those holding AMD stocks or related assets. The uncertainty level is moderate, as the event is derived from a return spike, which might not necessarily translate into long-term trends.","The headline indicates a significant downward move of 47.3 bps. This is clearly a negative event for the affected symbol, AMD, suggesting a potential decrease in stock price."
2025-09-05T12:31:00+00:00,Derived: UP move 36.9 bps,DerivedFromPrice,,0.7,0.85,0.1,"Given that this event is positive and company-specific, the black swan risk is relatively low. However, if the price increase is driven by speculation, the risk of a sudden price drop (black swan event) cannot be completely ruled out.","This news is likely to increase the price of AMD stocks in the short term due to positive sentiment. However, the duration of the impact will be determined by the company's subsequent performance, market trends and investor sentiment.","The main risk revolves around the sustainability of the price increase. If it is driven by market speculation rather than underlying company performance, there might be a quick price correction. Investors should monitor AMD's performance and market trends closely.","The headline indicates a positive movement for AMD, suggesting a positive sentiment. The increase in OHLCV (Open, High, Low, Close, Volume) return spike usually indicates bullish market behavior for the given stock. This is company-specific news, so the impact is likely to be directly on AMD stock only."
2025-09-05T12:37:00+00:00,Derived: DOWN move 22.0 bps,DerivedFromPrice,,-0.6,0.8,0.3,"While a significant price drop is not uncommon in the stock market, the lack of information about the cause of this specific event could suggest an unknown, potentially significant risk. This risk is considered relatively low, but still possible.","Given the substantial drop in AMD's stock price, it is anticipated that this will negatively impact AMD's market valuation in the short term. It could also potentially affect the semiconductor sector as a whole, given AMD's significant role in the market.","There's a risk that the stock price could continue to fall if the underlying issue is not addressed, causing substantial losses for investors. Additionally, without clear information about the cause of the drop, there's uncertainty about the overall risk.","The headline suggests a substantial down move in the price of AMD stocks. This negative sentiment is likely to trigger a selloff in the market, causing a negative impact on the stock's price. However, without more specific details about the cause of the drop, the full impact cannot be accurately determined."
2025-09-05T13:27:00+00:00,Derived: DOWN move 68.1 bps,DerivedFromPrice,,-0.7,0.8,0.2,"The likelihood of this event leading to a rare extreme downturn in the market is low. This is a company-specific event and not indicative of a broad market trend. However, if this event serves as a symptom of a systemic issue within the tech sector, the black swan risk would increase.","The immediate impact on AMD stocks is likely to be negative, potentially causing a sell-off. However, the broader tech sector may not be significantly affected unless the news is indicative of a larger issue within the company or industry.","The main risk is for AMD stockholders who may experience short-term losses. However, if the downward move is due to market correction, the impact may be temporary. Investors should monitor other tech stocks for similar trends to gauge broader sector impact.","The news headline suggests a significant downward move for AMD. This is a negative sentiment as it indicates a potential loss for investors holding AMD stocks. However, as this event is constructed from an OHLCV return spike, it's possible that the market is experiencing a short-term correction rather than a long-term bearish trend."
2025-09-05T13:30:00+00:00,Derived: DOWN move 188.9 bps,DerivedFromPrice,,-0.7,0.8,0.4,"The significant drop in AMD's performance could be an outlier event (a 'black swan'), but given the lack of additional context or news about fundamental changes in the company's operations or industry outlook, the risk is moderate. However, this could change if further negative news emerges.","The news is likely to negatively affect AMD's stock performance in the short term. This could lead to a slight downward pull on the Technology Sector ETFs, assuming AMD has a significant weight in them.","The main risk here is the potential continuation of the downward trend for AMD. Investors should be cautious and monitor the situation closely. The fact that the event was derived from an OHLCV return spike suggests that it may be a result of a sudden market shift, which could be temporary or signal a longer-term trend.","The news headline suggests a significant drop (188.9 bps) for AMD, which is a strong negative sentiment. The event is constructed from OHLCV (Open, High, Low, Close, Volume) return spike, indicating a sudden and drastic change in the company's stock performance."
2025-09-05T13:33:00+00:00,Derived: UP move 42.4 bps,DerivedFromPrice,,0.7,0.9,0.1,"The likelihood of a black swan event occurring as a result of this news is low, given it's a company-specific event. However, such events are by nature unpredictable and can have significant market impacts.","The news is likely to boost investor confidence in AMD, potentially leading to an increase in the stock price. However, its impact on the broader market is expected to be minimal, as this is a company-specific event.","While the news is positive, it's worth noting that market dynamics can be unpredictable and influenced by a range of factors. Investors should therefore exercise caution and closely monitor market trends.","The news of AMD's OHLCV return spike and upward movement suggests positive market sentiment towards the stock. However, as this is a company-specific event, its broader market impact may be limited."
2025-09-05T13:35:00+00:00,Derived: DOWN move 43.2 bps,DerivedFromPrice,,-0.8,0.9,0.3,"Given this is a company-specific event, the probability of a 'black swan' event triggering a market-wide crash is relatively low. However, if there were to be a systemic issue within the semiconductor industry, the risk could be significantly higher.","Short-term negative impact on AMD's stock price is expected. Other stocks in the semiconductor industry may also be affected due to sector correlation, especially if investors interpret this as a potential industry-wide trend.","The main risk is a continued downward movement in AMD's stock price, if the underlying issues are not addressed or if investor sentiment worsens. There's also the risk of the negative sentiment spreading to other semiconductor stocks.","The reported 'DOWN move' of 43.2 bps signals a significant drop in the value of AMD's stock. Given that this is a constructed event from return spike, it suggests a sudden and unexpected movement, which tends to generate negative sentiment and could potentially lead to a selloff."
2025-09-05T13:41:00+00:00,Derived: UP move 32.3 bps,DerivedFromPrice,,0.8,0.85,0.2,"The black swan risk is relatively low. This event does not suggest the likelihood of an extreme, rare event with severe consequences. However, as with any financial move, there is always a degree of unpredictability and a small chance of a significant market shift.","This is expected to positively impact AMD's stock price in the short term. However, without further information, it is unclear whether this positive trend will continue in the long term.","The main risk is associated with the sustainability of this upward move. If this is due to a temporary market fluctuation or if there is negative news about the company in the near future, the stock price could potentially decline.","The news event indicates a positive move in the stock price of AMD. An increase of 32.3 basis points implies a substantial gain in the stock's value, which suggests a strong positive sentiment. The fact that this is a company-specific event means it is likely to have a direct impact on AMD's stock price, without indicating a broader market trend."
2025-09-05T13:43:00+00:00,Derived: DOWN move 59.7 bps,DerivedFromPrice,,-0.8,0.85,0.2,"While the event is clearly negative, it's not necessarily a 'black swan' since it seems to be part of normal market fluctuations. Without additional information about underlying causes, assigning a high risk of a black swan event would be speculative.","Expect a negative impact on AMD’s stock price in the short term. The news may cause investor sentiment to shift, prompting sell-offs. However, long-term impact depends on the company's ability to manage whatever triggered the downturn.","The situation is risky for current AMD shareholders and potential investors who may experience losses. However, the level of risk depends on the specifics of what caused the downward spike, which is not detailed in the event description.","The event indicates a significant downward move in the AMD stock. This is a negative sentiment as it implies a loss in value. The event is derived from a return spike, which suggests a sudden shift in market dynamics, possibly triggered by external factors or internal company happenings. Given that it is a company-specific event, the impact is likely to be concentrated on AMD and possibly related stocks."
2025-09-05T13:46:00+00:00,Derived: UP move 25.2 bps,DerivedFromPrice,,0.7,0.9,0.2,"The risk of a black swan event is relatively low, given that the news event is company-specific and the semiconductor industry is generally stable. However, external factors such as geopolitical tensions or major regulatory changes could potentially trigger an unexpected extreme event.",Expect a positive market impact on AMD's stock in the short-term. Other companies in the semiconductor sector may also experience a ripple effect due to investor sentiment.,"The main risk is the sustainability of this upward move. If the spike was driven by short-term factors or speculative trading, the stock price could potentially retrace its gains. Also, any negative industry or economy-wide news could offset the positive sentiment.","The news indicates a positive upward move in AMD's stock price. The 25.2 bps increase is a substantial move, suggesting strong positive sentiment towards the company. The fact that this move was derived from an OHLCV return spike implies a strong market response to some prior event or news regarding AMD."
2025-09-05T13:48:00+00:00,Derived: UP move 31.9 bps,DerivedFromPrice,,0.7,0.85,0.2,"The black swan risk is relatively low for this event. Although there is a possibility of a sharp price correction, the likelihood of an extreme, rare event causing significant market disruption is low based on this information alone.",Positive impact on AMD's stock price in the short term. This may also positively affect the technology sector due to AMD's influence in the market.,"While the news is positive, there is a risk of overreaction from investors that may artificially inflate the stock price. Additionally, return spikes can sometimes be followed by sharp drops. Investors should remain aware of these potential risks and invest responsibly.","The news headline indicates a positive spike in the OHLCV (Open, High, Low, Close, Volume) return for AMD, suggesting a bullish market sentiment for the company. This could potentially lead to an increase in the company's stock price, and attract more investors. However, it's also important to consider that these spikes can sometimes be temporary and may not reflect long term trends."
2025-09-05T13:49:00+00:00,Derived: DOWN move 36.1 bps,DerivedFromPrice,,-0.9,0.8,0.2,"While the news is negative, it does not suggest any catastrophic event that could trigger a black swan event. However, the inherent uncertainty in the stock market means there's always a minimal probability of such events.","The news, if accurate, could result in a negative impact on AMD's stock price in the short term. Other tech stocks or sector ETFs that include AMD might also be affected due to sector correlation. The impact duration could last until the next earnings report or until positive news comes out.","The risks include potential further falls in the stock price if the underlying cause of the drop is not addressed quickly. Additionally, if this news triggers panic selling, it might create a negative sentiment around not only AMD but also other tech stocks.","The news headline suggests a significant downward move in the stock price of AMD, which is a negative event for the company. However, the source of the news, MarketNews, is not explicitly detailed making it difficult to ascertain the veracity of the information."
2025-09-05T13:52:00+00:00,Derived: DOWN move 32.0 bps,DerivedFromPrice,,-0.6,0.8,0.2,"The black swan risk is relatively low as the event is specific to one company and doesn't seem to be a global market event. However, there is still a minor risk if this downward trend triggers a broader sell-off in the tech sector.","The immediate impact will likely be a decrease in AMD's stock price, which could also potentially affect the overall tech sector. The duration of this impact will depend on subsequent market reactions and news.","While the news is negative, the risk level is medium considering it's a single company-specific event. However, if this downward trend is part of larger market dynamics or related to specific issues within AMD, the risk could be higher.","The news event indicates a significant downward move in AMD's stock price. This is based on the OHLCV (Open, High, Low, Close, Volume) return spike, which typically signifies a notable change. This is likely to have a negative impact on the company's stock and potentially the overall tech sector if it's a reflection of broader market dynamics."
2025-09-05T13:53:00+00:00,Derived: UP move 23.4 bps,DerivedFromPrice,,0.7,0.9,0.2,"The black swan risk is relatively low as the news event is company-specific and not associated with a wider market or systemic event. However, if the price spike is part of a broader speculative bubble in the tech sector, there is a small chance of a more severe market correction.","Given the company-specific nature and the magnitude of the price increase, the expected impact is primarily on AMD's stock. The news may increase investor confidence and drive further price gains in the short term.","The risk is mainly associated with the sustainability of the price increase. If the spike is driven by speculative trading rather than sound financial performance or positive news from the company, there is a risk of price correction in the medium to long term.","The news event indicates a positive uptick in the price of AMD, which suggests a positive sentiment around the company's stock. A spike in OHLCV return indicates increased trading volume and potentially a bullish sentiment among investors."
2025-09-05T13:57:00+00:00,Derived: DOWN move 41.0 bps,DerivedFromPrice,,-0.8,0.9,0.2,"While a significant price drop is concerning, it doesn't necessarily indicate a black swan event. Such events are extremely rare and typically result from highly unexpected and impactful news. Unless there are more severe underlying issues with AMD or the tech sector as a whole, the black swan risk is relatively low.",The steep downward move is likely to negatively affect AMD's stock price in the short term. The news might also impact similar tech-sector stocks due to sector correlation.,"There is a high risk of further price drops for AMD, especially if the downward trend continues or if there is additional negative news about the company. Investors in AMD or similar tech stocks should monitor the situation closely.","The news event indicates a significant downward move in the price of AMD's stock, which is a strong negative signal. This is a company-specific event that suggests potential negative market sentiment towards AMD."
2025-09-05T14:00:00+00:00,Derived: DOWN move 37.5 bps,DerivedFromPrice,,-0.8,0.9,0.2,"Given the size of the downward move, there is a moderate risk of a rare extreme event, such as a crash in AMD's stock price. However, without more information about the reason for the move, it is difficult to assess this risk accurately.","The immediate impact is likely to be a decrease in the stock price of AMD. If AMD is a key player in its sector, this could also have a negative impact on other stocks in the sector. The duration of the impact will depend on the underlying reason for the downward move.","The main risk is a further decrease in AMD's stock price. If the downward move is due to a fundamental issue with the company, this could lead to a prolonged period of poor performance. However, if it is due to a temporary issue, the stock could recover quickly. There is also the risk of a negative impact on the wider sector if AMD is a bellwether.","The news event is clearly negative, with a large downward move (37.5 bps) in the stock of AMD. This suggests a significant negative impact on the stock, and potentially the wider sector, depending on the reason for the move. The fact that the event is company-specific suggests that the impact may be confined to AMD, although it could have ripple effects if AMD is a bellwether for its sector."
2025-09-05T14:01:00+00:00,Derived: DOWN move 23.5 bps,DerivedFromPrice,,-0.7,0.9,0.2,"The black swan risk is relatively low as this event is a result of market movements rather than an unexpected catastrophic event. However, if the downward trend continues and accelerates, it could potentially develop into a black swan event.","Given the nature of the news, it is expected to have a negative impact on AMD's stock price. The impact can also spill over to other stocks in the same sector, causing a slight downward pressure.","The main risk is that this could trigger panic selling among investors, further depressing the stock price. Investors should monitor the situation closely and consider their risk tolerance and investment horizon.",The news indicates a significant downward movement in AMD's stock price. This is generally perceived as a negative sentiment for the stock. The strength of the sentiment is high given the magnitude of the drop (23.5 bps).
2025-09-05T14:02:00+00:00,Derived: UP move 27.1 bps,DerivedFromPrice,,0.7,0.8,0.2,"While the news is positive, the black swan risk remains relatively low. This is due to the specific nature of the event, which is tied to routine market movements and does not seem to be linked to any rare or extreme events.","The upward move is likely to have a positive impact on AMD's stock value in the short-to-medium term. It may also positively impact the semiconductor sector due to potential sector-wide sentiment improvement, although the effect might be limited.",The primary risk is the possibility that the upward move is due to short-term market fluctuations and may not represent a long-term trend. Investors should also consider other market factors and the overall performance of the semiconductor sector.,"The news event indicates an upward move of 27.1 basis points for Advanced Micro Devices, Inc. (AMD). This is considered a positive event and typically generates positive sentiment among investors. It is a company-specific event, which means it may not have a broad market impact, but it will have a significant impact on the company's stock."
2025-09-05T14:05:00+00:00,Derived: DOWN move 31.4 bps,DerivedFromPrice,,-0.8,0.9,0.3,"The black swan risk is considered moderate due to the nature of this particular news event. While it is a significant downward move, it is not beyond the realm of normal market behavior. However, if this downward trend continues or is linked to larger systemic issues, the risk could increase.",This news will likely lead to a negative impact on the stock price of AMD. Other tech stocks or related sectors may also experience some volatility due to this news.,"The risks associated with this event are primarily related to the potential decrease in the stock price of AMD. This could also impact the overall confidence in the tech sector, leading to further market volatility.","The news indicates a significant downward move for AMD, which is a negative sentiment. This could lead to a decrease in the stock price and may impact investor confidence in the short term."
2025-09-05T14:07:00+00:00,Derived: DOWN move 27.4 bps,DerivedFromPrice,,-0.7,0.85,0.2,"The likelihood of this event leading to a rare extreme event is relatively low. However, if the downward trend continues and is combined with other negative factors, it could potentially trigger a more significant market movement.","With a significant downward shift, AMD's stock could potentially experience a decrease in value in the short term. This may also have a ripple effect on related sectors or companies that are closely linked with AMD.","There is a moderate risk associated with this news as it directly affects AMD, which could lead to a decrease in the company's stock value. However, the broader market impact may be limited unless there are additional negative news or events related to the tech sector or macroeconomic indicators.","The news headline indicates a significant downward move of 27.4 bps, which usually signifies a negative sentiment in the market. This event is company-specific, affecting AMD, which suggests the potential for a direct impact on AMD's stock price. The source of the news is MarketNews, a reliable medium, thus increasing the confidence in the analysis."
2025-09-05T14:09:00+00:00,Derived: UP move 23.0 bps,DerivedFromPrice,,0.7,0.8,0.2,"The black swan risk is relatively low in this case because the news is company-specific and based on trading activity, not an external or unpredictable event. However, it's always possible for an unforeseen event to drastically change market conditions.","The 23.0 bps move is likely to have a positive impact on AMD's stock price in the short term. This may also positively affect the semiconductor sector in general, as AMD is a major player in this sector.","The main risks would be a reversal in sentiment or a negative market-wide event that could offset this positive move. The confidence level is high due to the significant upward shift, but investors should still approach with caution as market conditions can rapidly change.","The news headline suggests a positive move of 23.0 basis points for AMD, which is a significant upward shift. This indicates a bullish sentiment for AMD. The fact that this event is constructed from an OHLCV (Open, High, Low, Close, Volume) return spike suggests that it's driven by strong trading activity, possibly due to positive market sentiment or news about the company."
2025-09-05T14:11:00+00:00,Derived: DOWN move 37.1 bps,DerivedFromPrice,,-0.8,0.9,0.3,"While a sharp downward move could potentially indicate a larger issue, there's not enough information to suggest a significant 'black swan' event risk at this time. However, the risk level is slightly elevated due to the potential for further downward movements.","The significant downward move of 37.1 basis points could negatively impact AMD's stock price in the short term. As this is a company-specific event, it's unlikely to have a broader impact on the sector or market as a whole. However, it could trigger sell-offs among investors, leading to a further drop in price.","The key risk is the potential for further decline in AMD's stock price. If the downward move is based on fundamental issues within the company, this could lead to sustained downward pressure on the stock. However, if the move is due to market volatility, the impact could be short-lived.","The headline indicates a significant downward move for AMD, suggesting negative sentiment. Since the event was derived from an OHLCV return spike, it suggests a sudden and significant change in the stock's performance, which is likely to have a negative market impact."
2025-09-05T14:14:00+00:00,Derived: DOWN move 26.0 bps,DerivedFromPrice,,-0.7,0.85,0.3,"Although the downward move is significant, without more concrete details about the cause, it's hard to predict an extreme rare event. However, the risk is not negligible given the size of the move and the potential for broader market implications if the cause is related to fundamental issues in the tech sector.","The news is expected to have a negative impact on AMD's stock price in the short term, possibly causing a decrease in the value of related portfolios. The broader market impact would depend on AMD's weight in indices and the importance of the tech sector.",The risk is high due to the large downward move and the lack of details about the cause. The impact could potentially spread to other stocks in the sector if investors perceive this as a sign of broader problems in the tech industry.,"The headline suggests a significant downward move in the price of AMD, as indicated by the 26.0 bps drop. This is a company-specific event and is likely to negatively impact AMD's stock price. However, without further details, it is hard to predict the long-term impact. The risk level is high due to the uncertainty surrounding the causes and consequences of this price drop."
2025-09-05T14:20:00+00:00,Derived: UP move 24.7 bps,DerivedFromPrice,,0.7,0.8,0.2,"While the overall risk is low, there's always a small chance of a black swan event due to unpredictable market forces or sudden changes in the global economic landscape.","The upward move of AMD could lead to a positive effect on the technology sector stocks, especially those related to semiconductors. Short-term traders may take advantage of this bullish trend for potential gains.","The risk is relatively low due to the positive sentiment. However, it's important to consider market volatility and other external factors that could affect the stock's price.",The news event indicates a positive upward move for AMD. This could potentially increase investor confidence and stimulate trading activity.
2025-09-05T14:22:00+00:00,Derived: DOWN move 38.4 bps,DerivedFromPrice,,-0.7,0.9,0.3,"While a significant drop is observed, the black swan risk (i.e., the risk of an extremely negative, rare event) is moderate. This assessment is based on the assumption that the event is company-specific and doesn't indicate a systemic issue within the sector or the overall market.","This negative event is likely to cause a significant decrease in AMD's stock price in the short term. As AMD is a significant player in the technology sector, it may also slightly impact related stocks or ETFs.","The main risk is associated with the further negative movement of AMD's stock. However, the confidence level is high because the event is based on OHLCV return spike, which is typically a strong and reliable signal. Investors in AMD should consider this risk.","The news event indicates a significant downward movement for AMD, which can be interpreted as a negative sentiment. The strength of the sentiment is high due to the substantial drop of 38.4 bps. As this is a company-specific event, the impact is expected to be concentrated on AMD rather than the entire sector."
2025-09-05T14:23:00+00:00,Derived: DOWN move 28.5 bps,DerivedFromPrice,,-0.8,0.9,0.2,"While this event is negative, it's not extreme enough to be classified as a 'black swan' event. However, if the decline was triggered by an undisclosed major issue at the company, the probability of a rare extreme event could be higher than estimated.","Given that the event is company-specific, it's likely to primarily affect AMD's stock price. However, it could also impact related sectors, such as the technology and semiconductor industries, especially if investors perceive this as a signal of wider problems.","The main risk is a further decline in the stock price of AMD. There is also the risk that this decline may be a symptom of underlying problems at the company, which could lead to long-term negative effects on the stock price.","The headline indicates a downward move in the price of AMD by 28.5 bps. This is a negative event for the company that could potentially trigger a sell-off among investors, causing the stock price to drop further."
2025-09-05T14:32:00+00:00,Derived: DOWN move 21.8 bps,DerivedFromPrice,,-0.8,0.7,0.2,"The black swan risk is relatively low in this case. While a significant downward move is undesirable, it is not uncommon in the stock market. Unless this downward move is an indication of a severe underlying issue with AMD, it is unlikely to trigger a rare extreme event.","The immediate market impact is likely to be a drop in AMD's stock price. However, the impact on the broader tech sector or market is expected to be minimal since it's a company-specific event.","The main risk comes from the magnitude of the downward move. If the downward trend continues, it could indicate deeper underlying issues within the company. Investors should monitor this situation closely.","The news headline indicates a significant downward movement for AMD. This is generally considered negative news and could potentially impact the stock's price negatively. Since the category is company-specific, it suggests that this is an isolated event and not likely to affect the broader market or sector. However, the source of the news, 'MarketNews', is quite reliable, which increases the confidence of the analysis."
2025-09-05T14:33:00+00:00,Derived: UP move 27.8 bps,DerivedFromPrice,,0.7,0.9,0.2,"The black swan risk is relatively low as the upward movement is based on observed market data. However, unforeseen events such as regulatory changes, unexpected financial performance results, or major global events could significantly affect the stock's performance.","Given the significant upward movement, AMD's stock is likely to experience further gains in the short term. This could have a positive impact on the broader technology sector, especially semiconductor companies.",Potential risks include market volatility and the possibility of a price correction if the upward movement is too rapid and not supported by AMD's financial fundamentals. There's also the risk of external market factors that could potentially reverse the trend.,"The news event suggests a strong upward movement for AMD's stock, indicated by a 27.8 bps spike. This positive sentiment could attract more investors, potentially driving the stock price even higher."
2025-09-05T14:41:00+00:00,Derived: DOWN move 21.8 bps,DerivedFromPrice,,-0.8,0.85,0.2,"As the event is company-specific and not indicative of a broader market trend, the black swan risk (unpredictable or rare events with severe consequences) is relatively low. However, if the company is a significant player in its sector, a severe crisis could have wider market implications.","Given that this event is company-specific, the immediate impact is expected on the stocks of AMD. However, if AMD is a significant player in its sector, we might observe a short-term negative sentiment ripple effect across the sector. This could potentially result in a temporary decrease in stock prices in the sector.","There is a risk of panic selling due to the substantial downward move. This could lead to a sharp short-term decrease in the company's stock price. Moreover, if the downward trend continues, it might impact the overall market sentiment.","The news event indicates a substantial downward move in the stock prices of the company AMD. Constructed from OHLCV (Open-High-Low-Close-Volume) return spike, this downward move is likely to cause negative sentiment among investors, leading to potential further sell-offs."
2025-09-05T14:45:00+00:00,Derived: DOWN move 35.2 bps,DerivedFromPrice,,-0.8,0.9,0.3,"While a significant drop in a single day is concerning, it is not necessarily indicative of a black swan event, which is typically a rare, unexpected, and extreme event. However, if such downward trends continue unabated, the risk could increase.","Given the substantial downward move, AMD's stock price is likely to experience a short-term negative impact. This may also impact other companies in the semiconductor sector due to investor sentiment and potential market correlation.","The main risk here is further downward movement if the trend continues. Investors holding AMD stocks might sell off their holdings, potentially causing a further drop. However, it's also possible that the stock could rebound if the company releases positive news or if the market conditions improve.","The news event indicates a significant downward move in AMD's stock price, indicated by a 35.2 bps drop. This is a negative sentiment as it signals a bearish trend for the stock. The event is derived from OHLCV (open, high, low, close, volume) return spike, which is a reliable source of information for price movements."
2025-09-05T14:49:00+00:00,Derived: UP move 24.9 bps,DerivedFromPrice,,0.7,0.85,0.2,"As return spikes are often driven by specific events or news, the risk of a black swan event (an extremely rare and highly impactful event) is relatively low. However, without knowing the underlying cause of the spike, there is still a small possibility of such an event.","Based on the return spike, we can expect a positive impact on AMD's stock in the short term. Given that this is company-specific, the broader market is unlikely to be affected significantly, though related sectors (e.g., technology, semiconductors) may see minor positive effects.","There is a moderate level of risk involved, as return spikes can be short-lived and may not reflect a sustained upward trend. Additionally, without further information on the cause of the spike, it is difficult to fully assess the risk.","Given that the news event is a return spike, it is likely that there has been a positive market reaction to some unknown event or news. The fact that this is company-specific and affects AMD suggests that the impact will be mostly confined to this stock, with potential minor effects on related sectors."
2025-09-05T14:51:00+00:00,Derived: UP move 28.4 bps,DerivedFromPrice,,0.7,0.8,0.2,"Given the lack of specific news triggering the spike, there's a small risk of a black swan event where unforeseen factors cause a drastic negative reversal. However, without more information, the probability of such a rare event is relatively low.","The upward movement in AMD's stock price could potentially impact the technology sector positively, given AMD's position as a significant player in the semiconductor industry. Other semiconductor stocks may also experience upward movement as investors may perceive the sector as performing well. The duration of this impact may largely depend on the continuance of positive trends in AMD's performance and overall market sentiment.","Risks include market volatility, potential overvaluation due to the spike, and any unknown factors not mentioned in the article that could potentially drive the stock price down. There's also the risk of sector-wide impact if the spike is driven by factors specific to AMD but misinterpreted as a sector-wide positive trend.","The news headline indicates a positive spike in Advanced Micro Devices' (AMD) stock, with an upward movement of 28.4 basis points. This suggests a strong positive sentiment towards the company's performance. However, the news source did not provide any specific reasons or events triggering the upward move, reducing the confidence in the analysis slightly."
2025-09-05T15:01:00+00:00,Derived: DOWN move 21.6 bps,DerivedFromPrice,,-0.8,0.85,0.25,"The probability of a rare extreme event is moderately low, considering that AMD is a well-established company. However, the risk still exists, particularly if the return spike is due to a severe unexpected event, such as a major operational failure or a drastic market change.","AMD's stock price is expected to decrease. If AMD is a significant player in its sector, it might cause a minor negative sentiment, but the impact should largely remain confined to AMD.","The primary risk lies in the reason behind the return spike and downward move. If it's due to a fundamental issue in AMD's operation or market position, it could have a lasting impact. However, if it's a reaction to a short-term event, the downturn may be temporary.","The news event indicates a downward movement in AMD's value, as suggested by the 21.6 basis points drop. This is a negative sentiment event, especially if the return spike is due to an unexpected negative event. The impact is specific to AMD and does not seem to affect the entire sector."
2025-09-05T15:07:00+00:00,Derived: DOWN move 22.3 bps,DerivedFromPrice,,-0.7,0.8,0.3,"The black swan risk is relatively low as the news event is specific to AMD and does not indicate a broader market disruption. However, the risk could increase if the situation escalates and starts affecting broader technology sector.",Negative impact on AMD's stock. There may also be an indirect negative impact on related technology sectors due to potential investor concerns about similar companies.,There is a moderate risk due to uncertainty around the specific circumstances leading to this downward move and whether it's a temporary fluctuation or indicative of a larger problem. The risk could be mitigated if more information about the situation becomes available.,"The news event indicates a significant downward move for AMD, which is a negative sentiment. This could potentially be due to a decline in the company's stock or some other negative event. Given the company-specific nature of the news, the impact would be primarily on AMD and possibly related technology sectors."
2025-09-05T15:08:00+00:00,Derived: UP move 26.2 bps,DerivedFromPrice,,0.8,0.9,0.1,"The black swan risk is relatively low in this case as the news is company-specific and pertains to a return spike, which is a common market event. However, any unforeseen drastic event affecting the semiconductor industry or the overall market can cause a rare extreme event.","Given the positive sentiment, we can expect a potential upward movement in AMD's stock. This could also have a positive effect on similar stocks or the entire semiconductor sector due to market correlation.",The main risk here is that the spike may be temporary or due to market noise. Investors should monitor other market indicators and news to ensure this is not a false signal.,"The news indicates a positive spike in AMD's return, which generally suggests a bullish sentiment towards the stock. This could be due to favorable market conditions or positive performance by the company."
2025-09-05T15:45:00+00:00,Derived: DOWN move 21.3 bps,DerivedFromPrice,,-0.8,0.9,0.1,"While the negative impact is significant, it's unlikely to cause a black swan event, as it's company-specific and not a broader market event. However, if there are other negative events in the tech industry, the combined effect could potentially trigger a black swan event.","This negative event is likely to cause a decrease in AMD's stock price in the short term. If the downward movement continues, it could also potentially cause a bearish trend in the tech sector due to AMD's significant presence. The impact is likely to last until the company releases positive news or achieves a significant business milestone.","The main risk is to the investors holding AMD shares, who could face significant losses. As the news is company-specific, it's less likely to have a broader market impact unless it's part of a larger negative trend in the tech industry.","The news event indicates a significant downward movement in the stock price of AMD, which is a negative sentiment. The size of the downward move, 21.3 basis points, is large enough to significantly impact the stock's price and potentially the overall tech sector due to AMD's size and influence."
2025-09-05T15:46:00+00:00,Derived: DOWN move 22.9 bps,DerivedFromPrice,,-0.7,0.8,0.2,"Despite the significant downward move, the risk of a 'black swan' event - an extremely rare and severely impactful event - remains relatively low. This is particularly due to the event being company-specific and not indicative of a systemic issue within the broader market or sector.","Considering the substantial downward move, the market value of AMD is expected to decrease in the short term. This might also negatively affect investor sentiment towards the tech sector, causing a ripple effect.","The primary risk is the potential continuation of the downward trend for AMD. Further, there is also a risk of contagion effect within the technology sector, especially for companies with similar profiles or dependencies.",The news event indicates a significant downward move of 22.9 basis points for AMD. This suggests a negative sentiment and potential pressure on the company's stock. The event being company-specific and derived from OHLCV return spike implies a significant market reaction to the specific company's circumstances.
2025-09-05T16:21:00+00:00,Derived: DOWN move 22.2 bps,DerivedFromPrice,,-0.7,0.9,0.1,"The risk of a rare extreme event is relatively low. The news refers to a significant drop, but it does not suggest any extraordinary circumstances that could lead to a black swan event. However, further monitoring is needed as the situation develops.","The negative sentiment is likely to drive AMD's stock prices down in the short term. Given the company-specific nature of the event, the broader market should remain relatively unaffected.","The risk is high for AMD stockholders due to the significant drop. However, the risk for the sector or the overall market is low as the event is company-specific.","The news event reports a significant downward move for AMD, indicating a negative sentiment for the company. The strength of this sentiment is high given the large bps drop. The event is company-specific, suggesting a direct impact on AMD's stock."
2025-09-05T16:40:00+00:00,Derived: UP move 23.6 bps,DerivedFromPrice,,0.7,0.85,0.2,"Given the nature of the news and the specific focus on AMD, the risk of a black swan event is relatively low. However, as with any financial market, there is always some level of risk involved.","The market impact is likely to be positive for AMD's stock in the short term due to the reported up move. However, the long-term impact is uncertain and will depend on additional market factors and developments.","While the up move is a positive sign, it's important to note that this is based on a constructed event and not a real-world event or announcement by the company. As such, there is a risk that the market may not react as strongly as the up move suggests, or the positive impact could be short-lived if other market factors come into play.","The news headline indicates a positive move for AMD, which is a company-specific event. Given the 23.6 bps move, this suggests a potentially significant positive impact on the company's stock price. However, this analysis is based on a constructed event from OHLCV return spike, which may not always reflect the full market sentiments and reactions."
2025-09-05T16:47:00+00:00,Derived: DOWN move 27.0 bps,DerivedFromPrice,,-0.7,0.8,0.2,"While the event is significant, it doesn't necessarily indicate a 'black swan' event, which are typically unpredictable and have severe consequences. However, the risk is not negligible, given that if the issues leading to this event are more widespread within AMD or the technology sector, it could lead to a more significant market disruption.","Given that the event is specific to AMD, it may lead to a significant drop in the company's stock price. However, as AMD is a major player in the technology sector, this could also have a ripple effect on other technology stocks, potentially leading to more cautious trading in this sector.","The major risk here is if the downward trend continues for AMD, which would lead to further erosion of shareholder value. Additionally, if the event is indicative of systemic issues within AMD, it could lead to longer-term impacts on the company's performance.","The news event indicates a downward move of 27.0 basis points for AMD, which is a substantial drop. This suggests a negative sentiment in the market towards AMD. As it is a company-specific event, it indicates that the event may have been triggered by factors unique to AMD and not necessarily by broader market trends."
2025-09-05T16:48:00+00:00,Derived: UP move 23.1 bps,DerivedFromPrice,,0.7,0.9,0.2,"There is always a small probability of a 'black swan' event in stock markets, such as a sudden and drastic fall in prices. However, in this case, the risk is relatively low given the positive investor sentiment towards AMD.","Strong positive impact on the AMD stock price, with likely knock-on effects for the broader semiconductor sector.","The main risks to consider here are market volatility and potential overvaluation of AMD stock. If the upward price movement is not supported by solid fundamentals, it could lead to a price correction in the future.","The event indicates a substantial upward move in the price of the AMD stock, which suggests increased investor confidence and potential growth in the AMD sector. However, as this was a constructed event from OHLCV return spike, it's important to consider potential volatility and market fluctuations."
2025-09-05T17:21:00+00:00,Derived: DOWN move 27.5 bps,DerivedFromPrice,,-0.8,0.9,0.1,"Since this downward movement is based on market dynamics rather than specific negative news about the company, the risk of an extremely rare and severe event (black swan) is relatively low. However, the risk could increase if the market dynamics hint at a broader industry or economic issue.","The news is likely to have a negative impact on AMD's stock price in the short term. It might also have a ripple effect on related sectors, particularly the semiconductor industry. However, without specific news about the company, it's likely that the stock may recover after the initial reaction.","This news introduces a risk of short-term loss for investors holding AMD stock. The level of risk will depend on the reasons behind the market's downward movement, which are not specified in this report.","The headline suggests there has been a significant downward movement in the price of AMD's stock. This is typically a negative sentiment for the company. The fact that it's a constructed event from a return spike indicates that the move is not based on any specific news about the company, but rather market dynamics. This could mean that the downward movement might be short-term, and may not necessarily reflect on the company's performance."
2025-09-05T17:37:00+00:00,Derived: DOWN move 23.7 bps,DerivedFromPrice,,-0.8,0.9,0.4,"While a black swan event is always a possibility, the current situation does not necessarily indicate a high probability. The black swan risk is estimated based on the magnitude of the downward move and its potential to trigger an extreme reaction in the market.","Considering the news is specific to AMD, it's likely to have a significant negative impact on the stock's price in the short term. Other stocks in the tech sector may also be indirectly affected due to investor sentiment.","The risk is high given the significant downward move, and it may potentially trigger a sell-off in the stock. However, the risk also depends on other market conditions and how investors interpret this information.",The news event indicates a significant downward spike in the returns of AMD. This is generally a negative indication for the stock and could potentially affect investor sentiment negatively.
2025-09-05T17:46:00+00:00,Derived: DOWN move 21.2 bps,DerivedFromPrice,,-0.8,0.9,0.3,"While the event is significant for AMD, it is not likely to have a systemic impact that could lead to a black swan event. However, if this is a sign of a deeper issue within AMD or its industry, the likelihood of a black swan event could increase.","This event is likely to negatively impact AMD's stock price in the short term. It may also prompt a cautious sentiment among potential investors, leading to decreased demand for AMD's stock.","The risk level is high due to the significant drop in AMD's return spike. However, as this is a company-specific event, it is less likely to impact the overall market. Investors in AMD should monitor the situation closely for any further negative developments.","The news of a significant downward move of 21.2 bps in AMD's return spike is a negative indicator. This suggests a significant drop in the company's stock price, which might lead to a bearish sentiment among investors. Based on the fact that this is a company-specific event, it can be inferred that it is related to AMD's internal factors or market positioning rather than a market-wide trend."
2025-09-05T19:16:00+00:00,Derived: UP move 22.8 bps,DerivedFromPrice,,0.7,0.8,0.2,"The black swan risk is relatively low. While the news is significant for AMD, it's unlikely to trigger a black swan event in the broader market. However, in extreme cases, a sudden reversal of this positive trend could negatively impact investor sentiment and cause a sharp decline in the stock's value.","Given that the news event is company-specific and relates to AMD, it's expected to positively influence the stock's market performance in the short term. It may also have a ripple effect on related sectors, such as the tech industry and semiconductor market, although this impact could be limited.","While the news is positive, there's always a risk with financial markets. It's possible that the spike is a result of short-term speculation, which could lead to a correction in the future. Investors should be cautious and monitor the stock closely.","The news event relates to a significant uptick in the OHLCV (Open, High, Low, Close, Volume) return spike for AMD. This typically indicates a positive market sentiment towards the stock, which can be beneficial for its value."
2025-09-05T19:37:00+00:00,Derived: DOWN move 48.1 bps,DerivedFromPrice,,-0.9,0.8,0.2,"While a significant drop in AMD's stock price due to this event can have serious implications, the probability of a black swan event (an extremely rare event with severe consequences) is relatively low, considering AMD's overall market performance and stability.","Potential negative impact on AMD's stock price in the short term. The news might also affect technology sector stocks, particularly those in the semiconductor industry, given AMD's significant role in the sector.","Primary risk lies in the potential for further downward movement for AMD's stock, which could be exacerbated if the market interprets this news negatively. However, it's important to note that the impact may be temporary, and the stock price might recover if the company shows positive performance indicators or positive news is released.","The news event reported a significant 'down move' of 48.1 basis points, which is a negative performance indicator for AMD. This event could lead to a negative sentiment among investors and potentially impact AMD's stock price negatively."
